0xe66681cD29F07c1C4c056B46B7d37007eF493486,YieldStreamer
0xB1f571b3254C99A0A562124738f0193dE2B2b2A9,BalanceTracker
0xC6d1eFd908ef6B69dA0749600F553923C465c812,BRLCToken
0x6d8Da3C039D1D78622F27D4739e1E00B324aFAAa,USJIMToken
0x135Ad34643C902906960Ea8F9F470B1Cc5160200,PixCreditAgent
0x3181Ab023a4D4788754258BE5A3b8cf3D8276B98,PixCashier_BRLC_v2
0xd1476a75a3F4e700AEbcB8804d0A74A8bAcc303c,PixCashier_USJIM_v2
0x402BFA382bb77Da6e25C50faEB7Da77E14b364a9,PixCashier_BRLC_v3
0xC4D666f2cb4CB0F73f72236104a6AFf35f4a3efE,PixCashier_USJIM_v3
0x402BFA382bb77Da6e25C50faEB7Da77E14b364a9,PixCashier_BRLC_v3
0x6ac607aBA84f672C092838a5c32c22907765F666,PixCashier_BRLC_v4
0x3c7c6DA9439B3E410B89cB02Ce6BD315cCe622d5,PixCashier_USJIM_v4
0x038501B9a2aA059Eb2FA17DC79A9454d6c18dF75,PixCashier_BRLC_Receivables_v4
0x27868AA4b98Eda8e1C13A294e36606d01Bba6332,PixCashier_BRLC_TED_v4
0xCd73739C815C5eD6071D094051C0bD6C06bc394c,LendingMarketUUPS
0xAad8dEf94A9B71E53E563024f2a7cC714A0195d7,CreditLineConfigurableUUPS
0x92Ad16Fd2c713Fa02066466D3308476b58b5EF46,LiquidityPoolAccountableUUPS
0xe938b69d9AFA593FFE55CF01738AbfD62466DEa7,CPP_BRLC_v1
0xFe57a8CE8f8428688Aa6D58B4707ED3586da6E46,CashbackDistributor_v1
0x160e794bAd1503968D316A8300D2a4E8F435Bf3e,CPP_USJIM_v1
0xeA86da4A617B32B081a4af12E6c13Ae7edf8DFc9,CPP_BRLC_v2
0x78Fd8664336b58889A19D4C40b046361048941F5,CPP_USJIM_v2
0x1126fb8baae9010500562d280e7be997eabaeb07,Compound_Comptroller
0x60b3e6b04459189e7bb4bcea6550bd63cede20ef,Compound_Market_1
0x358407dc9436d6e5747b1fc75f9388d2d42c44a9,Compound_Market_2
0xa1f9eff135e64c78b4e92d444698ba851ca42223,Compound_Market_3
0x826ef6701bdbd96bac5475735437f9dd9ca41b8e,Compound_Market_4
0xd79389e00f5592857599c02af57efbc327cd4691,Compound_Market_5
0x957d570c0d1de32e7a3Ce4093e2E101B0B60DA39,Compound_Agent_1
0x146984904E85bD01B4DdbC9A6B648A1d52a3e1Ab,Compound_Agent_2
0xfe6316368cb40870cC068667a2469035Ad8668aD,Compound_Agent_3
0xae47B1ecF0ebA42572a16e449052849451edf851,Compound_Agent_4
0xE23dc96fAe16E0bf33F510459249dc2f4eE3B031,Compound_Agent_5
