0x88EC3491f763f4cDCF2a8F9Edd4b752AE5B8C9Fb,YieldStreamer
0x61A0B4D1A0876BD3861F756198D79A81F01E9C8A,BalanceTracker
0xA9a55a81a4C085EC0C31585Aed4cFB09D78dfD53,BRLCToken
0x7907A11948226348beDE63887e27c3F3a00AA6A9,USJIMToken
0x01507D7fB0f11d6b6786DF1FdBB69Fb5758eC47e,PixCreditAgent
0x1F94A163C329bEc14C73Ca46c66150E3c47dbEDC,PixCashier_BRLC_v2
0xB2aEa43F8aEfc78A2eb558118F8A606d6d9073D8,PixCashier_USJIM_v2
0x4dfD240697dCb8979FF24b25F95785F19e1Bebad,PixCashier_BRLC_v3
0x4FcbDeeE90652b40d0ECe7D053567B17AEe4c773,PixCashier_USJIM_v3
0x1e3Cfb33de57A629E7c5Ac56b812A7e50Ca4B7c8,PixCashier_BRLC_v3
0xdCF9b459356C0E86a338085BEfF30057152E26Bb,PixCashier_BRLC_v4
0xDf669070CDa52E80Ae82AAb951c4111b52FF30C1,PixCashier_USJIM_v4
0x81FA55BeC91af38d6bcd69E65F2698C2ADF70E61,PixCashier_BRLC_TED
0x66CA4827747D7065DAc910845A46a82F94851be2,LendingMarketUUPS
0xc30b1A05cEC8C7cBb8E0476789D6Ab3A9A57aAf4,CreditLineConfigurableUUPS
0x9316770BcE40cBB6AFa3bEe4961023ada71cf2e0,LiquidityPoolAccountableUUPS
0xc10dB4941fB486b2d88839775802FA03BAc6dE31,CPP_BRLC_v1
0xE3845d98DFb62172B0C8E49BfCc3290890e40a05,CashbackDistributor_v1
0x06aAAACCE7E224b402E749135C1dF616435BBb9E,CPP_USJIM_v1
0x0a0fD69B8F29a0Cacc400798F8f19747BE0aF2fd,CPP_BRLC_v2
0x10D71aCE2B4B1Ba26f27F4FDd1105CB1b90a98cF,CPP_USJIM_v2